tile_id,row,column,palette_index,palette_id,palette_name,sku,piece_type,piece_fraction,bounding_width_in,bounding_height_in,clipped_edges,vertices_in
placement-000000,1,1,1,P02,White,,edge_cut,0.092921114,0.390625000,0.318772160,left;top,0.390625000 0.000000000;0.390625000 0.093244711;0.000000000 0.318772160;0.000000000 0.000000000
placement-000001,1,2,1,P02,White,,edge_cut,0.274336385,1.000000000,0.381919846,top,1.453125000 0.000000000;1.453125000 0.093244711;0.953125000 0.381919846;0.453125000 0.093244711;0.453125000 0.000000000
placement-000002,1,3,1,P02,White,,edge_cut,0.274336385,1.000000000,0.381919846,top,2.515625000 0.000000000;2.515625000 0.093244711;2.015625000 0.381919846;1.515625000 0.093244711;1.515625000 0.000000000
placement-000003,1,4,1,P02,White,,edge_cut,0.274336385,1.000000000,0.381919846,top,3.578125000 0.000000000;3.578125000 0.093244711;3.078125000 0.381919846;2.578125000 0.093244711;2.578125000 0.000000000
placement-000004,1,5,1,P02,White,,edge_cut,0.274336385,1.000000000,0.381919846,top,4.640625000 0.000000000;4.640625000 0.093244711;4.140625000 0.381919846;3.640625000 0.093244711;3.640625000 0.000000000
placement-000005,1,6,1,P02,White,,edge_cut,0.274336385,1.000000000,0.381919846,top,5.703125000 0.000000000;5.703125000 0.093244711;5.203125000 0.381919846;4.703125000 0.093244711;4.703125000 0.000000000
placement-000006,1,7,1,P02,White,,edge_cut,0.274336385,1.000000000,0.381919846,top,6.765625000 0.000000000;6.765625000 0.093244711;6.265625000 0.381919846;5.765625000 0.093244711;5.765625000 0.000000000
placement-000007,1,8,1,P02,White,,edge_cut,0.274336385,1.000000000,0.381919846,top,7.828125000 0.000000000;7.828125000 0.093244711;7.328125000 0.381919846;6.828125000 0.093244711;6.828125000 0.000000000
placement-000008,1,9,1,P02,White,,edge_cut,0.274336385,1.000000000,0.381919846,top,8.890625000 0.000000000;8.890625000 0.093244711;8.390625000 0.381919846;7.890625000 0.093244711;7.890625000 0.000000000
placement-000009,1,10,1,P02,White,,edge_cut,0.274336385,1.000000000,0.381919846,top,9.953125000 0.000000000;9.953125000 0.093244711;9.453125000 0.381919846;8.953125000 0.093244711;8.953125000 0.000000000
placement-000010,1,11,1,P02,White,,edge_cut,0.274336385,1.000000000,0.381919846,top,11.015625000 0.000000000;11.015625000 0.093244711;10.515625000 0.381919846;10.015625000 0.093244711;10.015625000 0.000000000
placement-000011,1,12,1,P02,White,,edge_cut,0.274336385,1.000000000,0.381919846,top,12.078125000 0.000000000;12.078125000 0.093244711;11.578125000 0.381919846;11.078125000 0.093244711;11.078125000 0.000000000
placement-000012,1,13,1,P02,White,,edge_cut,0.274336385,1.000000000,0.381919846,top,13.140625000 0.000000000;13.140625000 0.093244711;12.640625000 0.381919846;12.140625000 0.093244711;12.140625000 0.000000000
placement-000013,1,14,1,P02,White,,edge_cut,0.274336385,1.000000000,0.381919846,top,14.203125000 0.000000000;14.203125000 0.093244711;13.703125000 0.381919846;13.203125000 0.093244711;13.203125000 0.000000000
placement-000014,1,15,1,P02,White,,edge_cut,0.274336385,1.000000000,0.381919846,top,15.265625000 0.000000000;15.265625000 0.093244711;14.765625000 0.381919846;14.265625000 0.093244711;14.265625000 0.000000000
placement-000015,1,16,1,P02,White,,edge_cut,0.274336385,1.000000000,0.381919846,top,16.328125000 0.000000000;16.328125000 0.093244711;15.828125000 0.381919846;15.328125000 0.093244711;15.328125000 0.000000000
placement-000016,1,17,1,P02,White,,edge_cut,0.274336385,1.000000000,0.381919846,top,17.390625000 0.000000000;17.390625000 0.093244711;16.890625000 0.381919846;16.390625000 0.093244711;16.390625000 0.000000000
placement-000017,1,18,1,P02,White,,edge_cut,0.274336385,1.000000000,0.381919846,top,18.453125000 0.000000000;18.453125000 0.093244711;17.953125000 0.381919846;17.453125000 0.093244711;17.453125000 0.000000000
placement-000018,1,19,1,P02,White,,edge_cut,0.274336385,1.000000000,0.381919846,top,19.515625000 0.000000000;19.515625000 0.093244711;19.015625000 0.381919846;18.515625000 0.093244711;18.515625000 0.000000000
placement-000019,1,20,1,P02,White,,edge_cut,0.274336385,1.000000000,0.381919846,top,20.578125000 0.000000000;20.578125000 0.093244711;20.078125000 0.381919846;19.578125000 0.093244711;19.578125000 0.000000000
placement-000020,1,21,1,P02,White,,edge_cut,0.274336385,1.000000000,0.381919846,top,21.640625000 0.000000000;21.640625000 0.093244711;21.140625000 0.381919846;20.640625000 0.093244711;20.640625000 0.000000000
placement-000021,1,22,1,P02,White,,edge_cut,0.274336385,1.000000000,0.381919846,top,22.703125000 0.000000000;22.703125000 0.093244711;22.203125000 0.381919846;21.703125000 0.093244711;21.703125000 0.000000000
placement-000022,1,23,1,P02,White,,edge_cut,0.274336385,1.000000000,0.381919846,top,23.765625000 0.000000000;23.765625000 0.093244711;23.265625000 0.381919846;22.765625000 0.093244711;22.765625000 0.000000000
placement-000023,1,24,1,P02,White,,edge_cut,0.274336385,1.000000000,0.381919846,top,24.828125000 0.000000000;24.828125000 0.093244711;24.328125000 0.381919846;23.828125000 0.093244711;23.828125000 0.000000000
placement-000024,1,25,1,P02,White,,edge_cut,0.274336385,1.000000000,0.381919846,top,25.890625000 0.000000000;25.890625000 0.093244711;25.390625000 0.381919846;24.890625000 0.093244711;24.890625000 0.000000000
placement-000025,1,26,1,P02,White,,edge_cut,0.274336385,1.000000000,0.381919846,top,26.953125000 0.000000000;26.953125000 0.093244711;26.453125000 0.381919846;25.953125000 0.093244711;25.953125000 0.000000000
placement-000026,1,27,1,P02,White,,edge_cut,0.274336385,1.000000000,0.381919846,top,28.015625000 0.000000000;28.015625000 0.093244711;27.515625000 0.381919846;27.015625000 0.093244711;27.015625000 0.000000000
placement-000027,1,28,1,P02,White,,edge_cut,0.274336385,1.000000000,0.381919846,top,29.078125000 0.000000000;29.078125000 0.093244711;28.578125000 0.381919846;28.078125000 0.093244711;28.078125000 0.000000000
placement-000028,1,29,1,P02,White,,edge_cut,0.274336385,1.000000000,0.381919846,top,30.140625000 0.000000000;30.140625000 0.093244711;29.640625000 0.381919846;29.140625000 0.093244711;29.140625000 0.000000000
placement-000029,1,30,1,P02,White,,edge_cut,0.274336385,1.000000000,0.381919846,top,31.203125000 0.000000000;31.203125000 0.093244711;30.703125000 0.381919846;30.203125000 0.093244711;30.203125000 0.000000000
placement-000030,1,31,1,P02,White,,edge_cut,0.274336385,1.000000000,0.381919846,top,32.265625000 0.000000000;32.265625000 0.093244711;31.765625000 0.381919846;31.265625000 0.093244711;31.265625000 0.000000000
placement-000031,1,32,1,P02,White,,edge_cut,0.274336385,1.000000000,0.381919846,top,33.328125000 0.000000000;33.328125000 0.093244711;32.828125000 0.381919846;32.328125000 0.093244711;32.328125000 0.000000000
placement-000032,1,33,1,P02,White,,edge_cut,0.274336385,1.000000000,0.381919846,top,34.390625000 0.000000000;34.390625000 0.093244711;33.890625000 0.381919846;33.390625000 0.093244711;33.390625000 0.000000000
placement-000033,1,34,1,P02,White,,edge_cut,0.274336385,1.000000000,0.381919846,top,35.453125000 0.000000000;35.453125000 0.093244711;34.953125000 0.381919846;34.453125000 0.093244711;34.453125000 0.000000000
placement-000034,1,35,1,P02,White,,edge_cut,0.274336385,1.000000000,0.381919846,top,36.515625000 0.000000000;36.515625000 0.093244711;36.015625000 0.381919846;35.515625000 0.093244711;35.515625000 0.000000000
placement-000035,1,36,1,P02,White,,edge_cut,0.274336385,1.000000000,0.381919846,top,37.578125000 0.000000000;37.578125000 0.093244711;37.078125000 0.381919846;36.578125000 0.093244711;36.578125000 0.000000000
placement-000036,1,37,1,P02,White,,edge_cut,0.274336385,1.000000000,0.381919846,top,38.640625000 0.000000000;38.640625000 0.093244711;38.140625000 0.381919846;37.640625000 0.093244711;37.640625000 0.000000000
placement-000037,1,38,1,P02,White,,edge_cut,0.274336385,1.000000000,0.381919846,top,39.703125000 0.000000000;39.703125000 0.093244711;39.203125000 0.381919846;38.703125000 0.093244711;38.703125000 0.000000000
placement-000038,1,39,1,P02,White,,edge_cut,0.274336385,1.000000000,0.381919846,top,40.765625000 0.000000000;40.765625000 0.093244711;40.265625000 0.381919846;39.765625000 0.093244711;39.765625000 0.000000000
placement-000039,1,40,1,P02,White,,edge_cut,0.274336385,1.000000000,0.381919846,top,41.828125000 0.000000000;41.828125000 0.093244711;41.328125000 0.381919846;40.828125000 0.093244711;40.828125000 0.000000000
placement-000040,1,41,1,P02,White,,edge_cut,0.274336385,1.000000000,0.381919846,top,42.890625000 0.000000000;42.890625000 0.093244711;42.390625000 0.381919846;41.890625000 0.093244711;41.890625000 0.000000000
placement-000041,1,42,1,P02,White,,edge_cut,0.274336385,1.000000000,0.381919846,top,43.953125000 0.000000000;43.953125000 0.093244711;43.453125000 0.381919846;42.953125000 0.093244711;42.953125000 0.000000000
placement-000042,1,43,1,P02,White,,edge_cut,0.274336385,1.000000000,0.381919846,top,45.015625000 0.000000000;45.015625000 0.093244711;44.515625000 0.381919846;44.015625000 0.093244711;44.015625000 0.000000000
placement-000043,1,44,1,P02,White,,edge_cut,0.263890183,0.921875000,0.381919846,right;top,46.000000000 0.000000000;46.000000000 0.138350201;45.578125000 0.381919846;45.078125000 0.093244711;45.078125000 0.000000000
placement-000044,2,1,1,P02,White,,edge_cut,0.943847656,0.921875000,1.154700538,left,0.921875000 1.013396702;0.421875000 1.302071837;0.000000000 1.058502192;0.000000000 0.390940943;0.421875000 0.147371299;0.921875000 0.436046433
placement-000087,2,44,1,P02,White,,edge_cut,0.362141927,0.390625000,1.028405167,right,46.000000000 1.238924151;45.609375000 1.013396702;45.609375000 0.436046433;46.000000000 0.210518984
placement-000088,3,1,1,P02,White,,edge_cut,0.362141927,0.390625000,1.028405167,left,0.390625000 1.933548694;0.000000000 2.159076143;0.000000000 1.130670976;0.390625000 1.356198425
placement-000131,3,44,1,P02,White,,edge_cut,0.943847656,0.921875000,1.154700538,right,46.000000000 1.978654184;45.578125000 2.222223829;45.078125000 1.933548694;45.078125000 1.356198425;45.578125000 1.067523290;46.000000000 1.311092935
placement-000132,4,1,1,P02,White,,edge_cut,0.943847656,0.921875000,1.154700538,left,0.921875000 2.853700685;0.421875000 3.142375820;0.000000000 2.898806175;0.000000000 2.231244926;0.421875000 1.987675282;0.921875000 2.276350416
placement-000175,4,44,1,P02,White,,edge_cut,0.362141927,0.390625000,1.028405167,right,46.000000000 3.079228134;45.609375000 2.853700685;45.609375000 2.276350416;46.000000000 2.050822967
placement-000176,5,1,1,P02,White,,edge_cut,0.362141927,0.390625000,1.028405167,left,0.390625000 3.773852677;0.000000000 3.999380126;0.000000000 2.970974959;0.390625000 3.196502408
placement-000219,5,44,1,P02,White,,edge_cut,0.943847656,0.921875000,1.154700538,right,46.000000000 3.818958167;45.578125000 4.062527812;45.078125000 3.773852677;45.078125000 3.196502408;45.578125000 2.907827273;46.000000000 3.151396918
placement-000220,6,1,1,P02,White,,edge_cut,0.943847656,0.921875000,1.154700538,left,0.921875000 4.694004669;0.421875000 4.982679803;0.000000000 4.739110158;0.000000000 4.071548910;0.421875000 3.827979265;0.921875000 4.116654399
placement-000263,6,44,1,P02,White,,edge_cut,0.362141927,0.390625000,1.028405167,right,46.000000000 4.919532117;45.609375000 4.694004669;45.609375000 4.116654399;46.000000000 3.891126950
placement-000264,7,1,1,P02,White,,edge_cut,0.362141927,0.390625000,1.028405167,left,0.390625000 5.614156660;0.000000000 5.839684109;0.000000000 4.811278942;0.390625000 5.036806391
placement-000307,7,44,1,P02,White,,edge_cut,0.943847656,0.921875000,1.154700538,right,46.000000000 5.659262150;45.578125000 5.902831795;45.078125000 5.614156660;45.078125000 5.036806391;45.578125000 4.748131256;46.000000000 4.991700901
placement-000308,8,1,1,P02,White,,edge_cut,0.943847656,0.921875000,1.154700538,left,0.921875000 6.534308652;0.421875000 6.822983786;0.000000000 6.579414141;0.000000000 5.911852893;0.421875000 5.668283248;0.921875000 5.956958382
placement-000351,8,44,1,P02,White,,edge_cut,0.362141927,0.390625000,1.028405167,right,46.000000000 6.759836100;45.609375000 6.534308652;45.609375000 5.956958382;46.000000000 5.731430933
placement-000352,9,1,1,P02,White,,edge_cut,0.362141927,0.390625000,1.028405167,left,0.390625000 7.454460643;0.000000000 7.679988092;0.000000000 6.651582925;0.390625000 6.877110374
placement-000395,9,44,1,P02,White,,edge_cut,0.943847656,0.921875000,1.154700538,right,46.000000000 7.499566133;45.578125000 7.743135778;45.078125000 7.454460643;45.078125000 6.877110374;45.578125000 6.588435239;46.000000000 6.832004884
placement-000396,10,1,1,P02,White,,edge_cut,0.943847656,0.921875000,1.154700538,left,0.921875000 8.374612635;0.421875000 8.663287769;0.000000000 8.419718124;0.000000000 7.752156876;0.421875000 7.508587231;0.921875000 7.797262365
placement-000439,10,44,1,P02,White,,edge_cut,0.362141927,0.390625000,1.028405167,right,46.000000000 8.600140083;45.609375000 8.374612635;45.609375000 7.797262365;46.000000000 7.571734917
placement-000440,11,1,1,P02,White,,edge_cut,0.362141927,0.390625000,1.028405167,left,0.390625000 9.294764626;0.000000000 9.520292075;0.000000000 8.491886908;0.390625000 8.717414357
placement-000483,11,44,1,P02,White,,edge_cut,0.943847656,0.921875000,1.154700538,right,46.000000000 9.339870116;45.578125000 9.583439761;45.078125000 9.294764626;45.078125000 8.717414357;45.578125000 8.428739222;46.000000000 8.672308867
placement-000484,12,1,1,P02,White,,edge_cut,0.943847656,0.921875000,1.154700538,left,0.921875000 10.214916618;0.421875000 10.503591752;0.000000000 10.260022107;0.000000000 9.592460859;0.421875000 9.348891214;0.921875000 9.637566348
placement-000527,12,44,1,P02,White,,edge_cut,0.362141927,0.390625000,1.028405167,right,46.000000000 10.440444067;45.609375000 10.214916618;45.609375000 9.637566348;46.000000000 9.412038900
placement-000528,13,1,1,P02,White,,edge_cut,0.362141927,0.390625000,1.028405167,left,0.390625000 11.135068609;0.000000000 11.360596058;0.000000000 10.332190891;0.390625000 10.557718340
placement-000571,13,44,1,P02,White,,edge_cut,0.943847656,0.921875000,1.154700538,right,46.000000000 11.180174099;45.578125000 11.423743744;45.078125000 11.135068609;45.078125000 10.557718340;45.578125000 10.269043205;46.000000000 10.512612850
placement-000572,14,1,1,P02,White,,edge_cut,0.943847656,0.921875000,1.154700538,left,0.921875000 12.055220601;0.421875000 12.343895735;0.000000000 12.100326090;0.000000000 11.432764842;0.421875000 11.189195197;0.921875000 11.477870331
placement-000615,14,44,1,P02,White,,edge_cut,0.362141927,0.390625000,1.028405167,right,46.000000000 12.280748050;45.609375000 12.055220601;45.609375000 11.477870331;46.000000000 11.252342883
placement-000616,15,1,1,P02,White,,edge_cut,0.362141927,0.390625000,1.028405167,left,0.390625000 12.975372592;0.000000000 13.200900041;0.000000000 12.172494874;0.390625000 12.398022323
placement-000659,15,44,1,P02,White,,edge_cut,0.943847656,0.921875000,1.154700538,right,46.000000000 13.020478082;45.578125000 13.264047727;45.078125000 12.975372592;45.078125000 12.398022323;45.578125000 12.109347188;46.000000000 12.352916833
placement-000660,16,1,1,P02,White,,edge_cut,0.943847656,0.921875000,1.154700538,left,0.921875000 13.895524584;0.421875000 14.184199718;0.000000000 13.940630074;0.000000000 13.273068825;0.421875000 13.029499180;0.921875000 13.318174315
placement-000703,16,44,1,P02,White,,edge_cut,0.362141927,0.390625000,1.028405167,right,46.000000000 14.121052033;45.609375000 13.895524584;45.609375000 13.318174315;46.000000000 13.092646866
placement-000704,17,1,1,P02,White,,edge_cut,0.362141927,0.390625000,1.028405167,left,0.390625000 14.815676575;0.000000000 15.041204024;0.000000000 14.012798857;0.390625000 14.238326306
placement-000747,17,44,1,P02,White,,edge_cut,0.943847656,0.921875000,1.154700538,right,46.000000000 14.860782065;45.578125000 15.104351710;45.078125000 14.815676575;45.078125000 14.238326306;45.578125000 13.949651171;46.000000000 14.193220816
placement-000748,18,1,1,P02,White,,edge_cut,0.943847656,0.921875000,1.154700538,left,0.921875000 15.735828567;0.421875000 16.024503701;0.000000000 15.780934057;0.000000000 15.113372808;0.421875000 14.869803163;0.921875000 15.158478298
placement-000791,18,44,1,P02,White,,edge_cut,0.362141927,0.390625000,1.028405167,right,46.000000000 15.961356016;45.609375000 15.735828567;45.609375000 15.158478298;46.000000000 14.932950849
placement-000792,19,1,1,P02,White,,edge_cut,0.092921114,0.390625000,0.318772160,left;bottom,0.390625000 16.171875000;0.000000000 16.171875000;0.000000000 15.853102840;0.390625000 16.078630289
placement-000793,19,2,1,P02,White,,edge_cut,0.274336385,1.000000000,0.381919846,bottom,1.453125000 16.171875000;0.453125000 16.171875000;0.453125000 16.078630289;0.953125000 15.789955154;1.453125000 16.078630289
placement-000794,19,3,1,P02,White,,edge_cut,0.274336385,1.000000000,0.381919846,bottom,2.515625000 16.171875000;1.515625000 16.171875000;1.515625000 16.078630289;2.015625000 15.789955154;2.515625000 16.078630289
placement-000795,19,4,1,P02,White,,edge_cut,0.274336385,1.000000000,0.381919846,bottom,3.578125000 16.171875000;2.578125000 16.171875000;2.578125000 16.078630289;3.078125000 15.789955154;3.578125000 16.078630289
placement-000796,19,5,1,P02,White,,edge_cut,0.274336385,1.000000000,0.381919846,bottom,4.640625000 16.171875000;3.640625000 16.171875000;3.640625000 16.078630289;4.140625000 15.789955154;4.640625000 16.078630289
placement-000797,19,6,1,P02,White,,edge_cut,0.274336385,1.000000000,0.381919846,bottom,5.703125000 16.171875000;4.703125000 16.171875000;4.703125000 16.078630289;5.203125000 15.789955154;5.703125000 16.078630289
placement-000798,19,7,1,P02,White,,edge_cut,0.274336385,1.000000000,0.381919846,bottom,6.765625000 16.171875000;5.765625000 16.171875000;5.765625000 16.078630289;6.265625000 15.789955154;6.765625000 16.078630289
placement-000799,19,8,1,P02,White,,edge_cut,0.274336385,1.000000000,0.381919846,bottom,7.828125000 16.171875000;6.828125000 16.171875000;6.828125000 16.078630289;7.328125000 15.789955154;7.828125000 16.078630289
placement-000800,19,9,1,P02,White,,edge_cut,0.274336385,1.000000000,0.381919846,bottom,8.890625000 16.171875000;7.890625000 16.171875000;7.890625000 16.078630289;8.390625000 15.789955154;8.890625000 16.078630289
placement-000801,19,10,1,P02,White,,edge_cut,0.274336385,1.000000000,0.381919846,bottom,9.953125000 16.171875000;8.953125000 16.171875000;8.953125000 16.078630289;9.453125000 15.789955154;9.953125000 16.078630289
placement-000802,19,11,1,P02,White,,edge_cut,0.274336385,1.000000000,0.381919846,bottom,11.015625000 16.171875000;10.015625000 16.171875000;10.015625000 16.078630289;10.515625000 15.789955154;11.015625000 16.078630289
placement-000803,19,12,1,P02,White,,edge_cut,0.274336385,1.000000000,0.381919846,bottom,12.078125000 16.171875000;11.078125000 16.171875000;11.078125000 16.078630289;11.578125000 15.789955154;12.078125000 16.078630289
placement-000804,19,13,1,P02,White,,edge_cut,0.274336385,1.000000000,0.381919846,bottom,13.140625000 16.171875000;12.140625000 16.171875000;12.140625000 16.078630289;12.640625000 15.789955154;13.140625000 16.078630289
placement-000805,19,14,1,P02,White,,edge_cut,0.274336385,1.000000000,0.381919846,bottom,14.203125000 16.171875000;13.203125000 16.171875000;13.203125000 16.078630289;13.703125000 15.789955154;14.203125000 16.078630289
placement-000806,19,15,1,P02,White,,edge_cut,0.274336385,1.000000000,0.381919846,bottom,15.265625000 16.171875000;14.265625000 16.171875000;14.265625000 16.078630289;14.765625000 15.789955154;15.265625000 16.078630289
placement-000807,19,16,1,P02,White,,edge_cut,0.274336385,1.000000000,0.381919846,bottom,16.328125000 16.171875000;15.328125000 16.171875000;15.328125000 16.078630289;15.828125000 15.789955154;16.328125000 16.078630289
placement-000808,19,17,1,P02,White,,edge_cut,0.274336385,1.000000000,0.381919846,bottom,17.390625000 16.171875000;16.390625000 16.171875000;16.390625000 16.078630289;16.890625000 15.789955154;17.390625000 16.078630289
placement-000809,19,18,1,P02,White,,edge_cut,0.274336385,1.000000000,0.381919846,bottom,18.453125000 16.171875000;17.453125000 16.171875000;17.453125000 16.078630289;17.953125000 15.789955154;18.453125000 16.078630289
placement-000810,19,19,1,P02,White,,edge_cut,0.274336385,1.000000000,0.381919846,bottom,19.515625000 16.171875000;18.515625000 16.171875000;18.515625000 16.078630289;19.015625000 15.789955154;19.515625000 16.078630289
placement-000811,19,20,1,P02,White,,edge_cut,0.274336385,1.000000000,0.381919846,bottom,20.578125000 16.171875000;19.578125000 16.171875000;19.578125000 16.078630289;20.078125000 15.789955154;20.578125000 16.078630289
placement-000812,19,21,1,P02,White,,edge_cut,0.274336385,1.000000000,0.381919846,bottom,21.640625000 16.171875000;20.640625000 16.171875000;20.640625000 16.078630289;21.140625000 15.789955154;21.640625000 16.078630289
placement-000813,19,22,1,P02,White,,edge_cut,0.274336385,1.000000000,0.381919846,bottom,22.703125000 16.171875000;21.703125000 16.171875000;21.703125000 16.078630289;22.203125000 15.789955154;22.703125000 16.078630289
placement-000814,19,23,1,P02,White,,edge_cut,0.274336385,1.000000000,0.381919846,bottom,23.765625000 16.171875000;22.765625000 16.171875000;22.765625000 16.078630289;23.265625000 15.789955154;23.765625000 16.078630289
placement-000815,19,24,1,P02,White,,edge_cut,0.274336385,1.000000000,0.381919846,bottom,24.828125000 16.171875000;23.828125000 16.171875000;23.828125000 16.078630289;24.328125000 15.789955154;24.828125000 16.078630289
placement-000816,19,25,1,P02,White,,edge_cut,0.274336385,1.000000000,0.381919846,bottom,25.890625000 16.171875000;24.890625000 16.171875000;24.890625000 16.078630289;25.390625000 15.789955154;25.890625000 16.078630289
placement-000817,19,26,1,P02,White,,edge_cut,0.274336385,1.000000000,0.381919846,bottom,26.953125000 16.171875000;25.953125000 16.171875000;25.953125000 16.078630289;26.453125000 15.789955154;26.953125000 16.078630289
placement-000818,19,27,1,P02,White,,edge_cut,0.274336385,1.000000000,0.381919846,bottom,28.015625000 16.171875000;27.015625000 16.171875000;27.015625000 16.078630289;27.515625000 15.789955154;28.015625000 16.078630289
placement-000819,19,28,1,P02,White,,edge_cut,0.274336385,1.000000000,0.381919846,bottom,29.078125000 16.171875000;28.078125000 16.171875000;28.078125000 16.078630289;28.578125000 15.789955154;29.078125000 16.078630289
placement-000820,19,29,1,P02,White,,edge_cut,0.274336385,1.000000000,0.381919846,bottom,30.140625000 16.171875000;29.140625000 16.171875000;29.140625000 16.078630289;29.640625000 15.789955154;30.140625000 16.078630289
placement-000821,19,30,1,P02,White,,edge_cut,0.274336385,1.000000000,0.381919846,bottom,31.203125000 16.171875000;30.203125000 16.171875000;30.203125000 16.078630289;30.703125000 15.789955154;31.203125000 16.078630289
placement-000822,19,31,1,P02,White,,edge_cut,0.274336385,1.000000000,0.381919846,bottom,32.265625000 16.171875000;31.265625000 16.171875000;31.265625000 16.078630289;31.765625000 15.789955154;32.265625000 16.078630289
placement-000823,19,32,1,P02,White,,edge_cut,0.274336385,1.000000000,0.381919846,bottom,33.328125000 16.171875000;32.328125000 16.171875000;32.328125000 16.078630289;32.828125000 15.789955154;33.328125000 16.078630289
placement-000824,19,33,1,P02,White,,edge_cut,0.274336385,1.000000000,0.381919846,bottom,34.390625000 16.171875000;33.390625000 16.171875000;33.390625000 16.078630289;33.890625000 15.789955154;34.390625000 16.078630289
placement-000825,19,34,1,P02,White,,edge_cut,0.274336385,1.000000000,0.381919846,bottom,35.453125000 16.171875000;34.453125000 16.171875000;34.453125000 16.078630289;34.953125000 15.789955154;35.453125000 16.078630289
placement-000826,19,35,1,P02,White,,edge_cut,0.274336385,1.000000000,0.381919846,bottom,36.515625000 16.171875000;35.515625000 16.171875000;35.515625000 16.078630289;36.015625000 15.789955154;36.515625000 16.078630289
placement-000827,19,36,1,P02,White,,edge_cut,0.274336385,1.000000000,0.381919846,bottom,37.578125000 16.171875000;36.578125000 16.171875000;36.578125000 16.078630289;37.078125000 15.789955154;37.578125000 16.078630289
placement-000828,19,37,1,P02,White,,edge_cut,0.274336385,1.000000000,0.381919846,bottom,38.640625000 16.171875000;37.640625000 16.171875000;37.640625000 16.078630289;38.140625000 15.789955154;38.640625000 16.078630289
placement-000829,19,38,1,P02,White,,edge_cut,0.274336385,1.000000000,0.381919846,bottom,39.703125000 16.171875000;38.703125000 16.171875000;38.703125000 16.078630289;39.203125000 15.789955154;39.703125000 16.078630289
placement-000830,19,39,1,P02,White,,edge_cut,0.274336385,1.000000000,0.381919846,bottom,40.765625000 16.171875000;39.765625000 16.171875000;39.765625000 16.078630289;40.265625000 15.789955154;40.765625000 16.078630289
placement-000831,19,40,1,P02,White,,edge_cut,0.274336385,1.000000000,0.381919846,bottom,41.828125000 16.171875000;40.828125000 16.171875000;40.828125000 16.078630289;41.328125000 15.789955154;41.828125000 16.078630289
placement-000832,19,41,1,P02,White,,edge_cut,0.274336385,1.000000000,0.381919846,bottom,42.890625000 16.171875000;41.890625000 16.171875000;41.890625000 16.078630289;42.390625000 15.789955154;42.890625000 16.078630289
placement-000833,19,42,1,P02,White,,edge_cut,0.274336385,1.000000000,0.381919846,bottom,43.953125000 16.171875000;42.953125000 16.171875000;42.953125000 16.078630289;43.453125000 15.789955154;43.953125000 16.078630289
placement-000834,19,43,1,P02,White,,edge_cut,0.274336385,1.000000000,0.381919846,bottom,45.015625000 16.171875000;44.015625000 16.171875000;44.015625000 16.078630289;44.515625000 15.789955154;45.015625000 16.078630289
placement-000835,19,44,1,P02,White,,edge_cut,0.263890183,0.921875000,0.381919846,right;bottom,46.000000000 16.171875000;45.078125000 16.171875000;45.078125000 16.078630289;45.578125000 15.789955154;46.000000000 16.033524799
