row,column,piece_type,piece_fraction,center_x_in,center_y_in,visible_x_in,visible_y_in,color,sku
1,1,edge_cut,0.092921,-0.109375,-0.195430,0.159676,0.113292,White,
1,2,edge_cut,0.274336,0.953125,-0.195430,0.953125,0.133406,White,
1,3,edge_cut,0.274336,2.015625,-0.195430,2.015625,0.133406,White,
1,4,edge_cut,0.274336,3.078125,-0.195430,3.078125,0.133406,White,
1,5,edge_cut,0.274336,4.140625,-0.195430,4.140625,0.133406,White,
1,6,edge_cut,0.274336,5.203125,-0.195430,5.203125,0.133406,White,
1,7,edge_cut,0.274336,6.265625,-0.195430,6.265625,0.133406,White,
1,8,edge_cut,0.274336,7.328125,-0.195430,7.328125,0.133406,White,
1,9,edge_cut,0.274336,8.390625,-0.195430,8.390625,0.133406,White,
1,10,edge_cut,0.274336,9.453125,-0.195430,9.453125,0.133406,White,
1,11,edge_cut,0.274336,10.515625,-0.195430,10.515625,0.133406,White,
1,12,edge_cut,0.274336,11.578125,-0.195430,11.578125,0.133406,White,
1,13,edge_cut,0.274336,12.640625,-0.195430,12.640625,0.133406,White,
1,14,edge_cut,0.274336,13.703125,-0.195430,13.703125,0.133406,White,
1,15,edge_cut,0.274336,14.765625,-0.195430,14.765625,0.133406,White,
1,16,edge_cut,0.274336,15.828125,-0.195430,15.828125,0.133406,White,
1,17,edge_cut,0.274336,16.890625,-0.195430,16.890625,0.133406,White,
1,18,edge_cut,0.274336,17.953125,-0.195430,17.953125,0.133406,White,
1,19,edge_cut,0.274336,19.015625,-0.195430,19.015625,0.133406,White,
1,20,edge_cut,0.274336,20.078125,-0.195430,20.078125,0.133406,White,
1,21,edge_cut,0.274336,21.140625,-0.195430,21.140625,0.133406,White,
1,22,edge_cut,0.274336,22.203125,-0.195430,22.203125,0.133406,White,
1,23,edge_cut,0.274336,23.265625,-0.195430,23.265625,0.133406,White,
1,24,edge_cut,0.274336,24.328125,-0.195430,24.328125,0.133406,White,
1,25,edge_cut,0.274336,25.390625,-0.195430,25.390625,0.133406,White,
1,26,edge_cut,0.274336,26.453125,-0.195430,26.453125,0.133406,White,
1,27,edge_cut,0.274336,27.515625,-0.195430,27.515625,0.133406,White,
1,28,edge_cut,0.274336,28.578125,-0.195430,28.578125,0.133406,White,
1,29,edge_cut,0.274336,29.640625,-0.195430,29.640625,0.133406,White,
1,30,edge_cut,0.274336,30.703125,-0.195430,30.703125,0.133406,White,
1,31,edge_cut,0.274336,31.765625,-0.195430,31.765625,0.133406,White,
1,32,edge_cut,0.274336,32.828125,-0.195430,32.828125,0.133406,White,
1,33,edge_cut,0.274336,33.890625,-0.195430,33.890625,0.133406,White,
1,34,edge_cut,0.274336,34.953125,-0.195430,34.953125,0.133406,White,
1,35,edge_cut,0.274336,36.015625,-0.195430,36.015625,0.133406,White,
1,36,edge_cut,0.274336,37.078125,-0.195430,37.078125,0.133406,White,
1,37,edge_cut,0.274336,38.140625,-0.195430,38.140625,0.133406,White,
1,38,edge_cut,0.274336,39.203125,-0.195430,39.203125,0.133406,White,
1,39,edge_cut,0.274336,40.265625,-0.195430,40.265625,0.133406,White,
1,40,edge_cut,0.274336,41.328125,-0.195430,41.328125,0.133406,White,
1,41,edge_cut,0.274336,42.390625,-0.195430,42.390625,0.133406,White,
1,42,edge_cut,0.274336,43.453125,-0.195430,43.453125,0.133406,White,
1,43,edge_cut,0.274336,44.515625,-0.195430,44.515625,0.133406,White,
1,44,edge_cut,0.263890,45.578125,-0.195430,45.559979,0.136366,White,
2,1,edge_cut,0.943848,0.421875,0.724722,0.449241,0.724722,White,
2,2,full,1.000000,1.484375,0.724722,1.484375,0.724722,White,
2,3,full,1.000000,2.546875,0.724722,2.546875,0.724722,White,
2,4,full,1.000000,3.609375,0.724722,3.609375,0.724722,White,
2,5,full,1.000000,4.671875,0.724722,4.671875,0.724722,White,
2,6,full,1.000000,5.734375,0.724722,5.734375,0.724722,White,
2,7,full,1.000000,6.796875,0.724722,6.796875,0.724722,White,
2,8,full,1.000000,7.859375,0.724722,7.859375,0.724722,White,
2,9,full,1.000000,8.921875,0.724722,8.921875,0.724722,White,
2,10,full,1.000000,9.984375,0.724722,9.984375,0.724722,White,
2,11,full,1.000000,11.046875,0.724722,11.046875,0.724722,White,
2,12,full,1.000000,12.109375,0.724722,12.109375,0.724722,Black,
2,13,full,1.000000,13.171875,0.724722,13.171875,0.724722,Black,
2,14,full,1.000000,14.234375,0.724722,14.234375,0.724722,Black,
2,15,full,1.000000,15.296875,0.724722,15.296875,0.724722,Black,
2,16,full,1.000000,16.359375,0.724722,16.359375,0.724722,Black,
2,17,full,1.000000,17.421875,0.724722,17.421875,0.724722,Black,
2,18,full,1.000000,18.484375,0.724722,18.484375,0.724722,Black,
2,19,full,1.000000,19.546875,0.724722,19.546875,0.724722,Black,
2,20,full,1.000000,20.609375,0.724722,20.609375,0.724722,Black,
2,21,full,1.000000,21.671875,0.724722,21.671875,0.724722,Black,
2,22,full,1.000000,22.734375,0.724722,22.734375,0.724722,White,
2,23,full,1.000000,23.796875,0.724722,23.796875,0.724722,White,
2,24,full,1.000000,24.859375,0.724722,24.859375,0.724722,White,
2,25,full,1.000000,25.921875,0.724722,25.921875,0.724722,White,
2,26,full,1.000000,26.984375,0.724722,26.984375,0.724722,White,
2,27,full,1.000000,28.046875,0.724722,28.046875,0.724722,White,
2,28,full,1.000000,29.109375,0.724722,29.109375,0.724722,White,
2,29,full,1.000000,30.171875,0.724722,30.171875,0.724722,White,
2,30,full,1.000000,31.234375,0.724722,31.234375,0.724722,White,
2,31,full,1.000000,32.296875,0.724722,32.296875,0.724722,White,
2,32,full,1.000000,33.359375,0.724722,33.359375,0.724722,White,
2,33,full,1.000000,34.421875,0.724722,34.421875,0.724722,White,
2,34,full,1.000000,35.484375,0.724722,35.484375,0.724722,White,
2,35,full,1.000000,36.546875,0.724722,36.546875,0.724722,White,
2,36,full,1.000000,37.609375,0.724722,37.609375,0.724722,White,
2,37,full,1.000000,38.671875,0.724722,38.671875,0.724722,White,
2,38,full,1.000000,39.734375,0.724722,39.734375,0.724722,White,
2,39,full,1.000000,40.796875,0.724722,40.796875,0.724722,White,
2,40,full,1.000000,41.859375,0.724722,41.859375,0.724722,White,
2,41,full,1.000000,42.921875,0.724722,42.921875,0.724722,White,
2,42,full,1.000000,43.984375,0.724722,43.984375,0.724722,White,
2,43,full,1.000000,45.046875,0.724722,45.046875,0.724722,White,
2,44,edge_cut,0.362142,46.109375,0.724722,45.822975,0.724722,White,
3,1,edge_cut,0.362142,-0.109375,1.644874,0.177025,1.644874,White,
3,2,full,1.000000,0.953125,1.644874,0.953125,1.644874,White,
3,3,full,1.000000,2.015625,1.644874,2.015625,1.644874,White,
3,4,full,1.000000,3.078125,1.644874,3.078125,1.644874,White,
3,5,full,1.000000,4.140625,1.644874,4.140625,1.644874,White,
3,6,full,1.000000,5.203125,1.644874,5.203125,1.644874,White,
3,7,full,1.000000,6.265625,1.644874,6.265625,1.644874,White,
3,8,full,1.000000,7.328125,1.644874,7.328125,1.644874,White,
3,9,full,1.000000,8.390625,1.644874,8.390625,1.644874,White,
3,10,full,1.000000,9.453125,1.644874,9.453125,1.644874,White,
3,11,full,1.000000,10.515625,1.644874,10.515625,1.644874,White,
3,12,full,1.000000,11.578125,1.644874,11.578125,1.644874,Black,
3,13,full,1.000000,12.640625,1.644874,12.640625,1.644874,Black,
3,14,full,1.000000,13.703125,1.644874,13.703125,1.644874,Black,
3,15,full,1.000000,14.765625,1.644874,14.765625,1.644874,Black,
3,16,full,1.000000,15.828125,1.644874,15.828125,1.644874,Black,
3,17,full,1.000000,16.890625,1.644874,16.890625,1.644874,Black,
3,18,full,1.000000,17.953125,1.644874,17.953125,1.644874,Black,
3,19,full,1.000000,19.015625,1.644874,19.015625,1.644874,Black,
3,20,full,1.000000,20.078125,1.644874,20.078125,1.644874,Black,
3,21,full,1.000000,21.140625,1.644874,21.140625,1.644874,Black,
3,22,full,1.000000,22.203125,1.644874,22.203125,1.644874,Black,
3,23,full,1.000000,23.265625,1.644874,23.265625,1.644874,White,
3,24,full,1.000000,24.328125,1.644874,24.328125,1.644874,White,
3,25,full,1.000000,25.390625,1.644874,25.390625,1.644874,White,
3,26,full,1.000000,26.453125,1.644874,26.453125,1.644874,White,
3,27,full,1.000000,27.515625,1.644874,27.515625,1.644874,White,
3,28,full,1.000000,28.578125,1.644874,28.578125,1.644874,White,
3,29,full,1.000000,29.640625,1.644874,29.640625,1.644874,White,
3,30,full,1.000000,30.703125,1.644874,30.703125,1.644874,White,
3,31,full,1.000000,31.765625,1.644874,31.765625,1.644874,White,
3,32,full,1.000000,32.828125,1.644874,32.828125,1.644874,White,
3,33,full,1.000000,33.890625,1.644874,33.890625,1.644874,White,
3,34,full,1.000000,34.953125,1.644874,34.953125,1.644874,White,
3,35,full,1.000000,36.015625,1.644874,36.015625,1.644874,White,
3,36,full,1.000000,37.078125,1.644874,37.078125,1.644874,White,
3,37,full,1.000000,38.140625,1.644874,38.140625,1.644874,White,
3,38,full,1.000000,39.203125,1.644874,39.203125,1.644874,White,
3,39,full,1.000000,40.265625,1.644874,40.265625,1.644874,White,
3,40,full,1.000000,41.328125,1.644874,41.328125,1.644874,White,
3,41,full,1.000000,42.390625,1.644874,42.390625,1.644874,White,
3,42,full,1.000000,43.453125,1.644874,43.453125,1.644874,White,
3,43,full,1.000000,44.515625,1.644874,44.515625,1.644874,White,
3,44,edge_cut,0.943848,45.578125,1.644874,45.550759,1.644874,White,
4,1,edge_cut,0.943848,0.421875,2.565026,0.449241,2.565026,White,
4,2,full,1.000000,1.484375,2.565026,1.484375,2.565026,White,
4,3,full,1.000000,2.546875,2.565026,2.546875,2.565026,White,
4,4,full,1.000000,3.609375,2.565026,3.609375,2.565026,White,
4,5,full,1.000000,4.671875,2.565026,4.671875,2.565026,White,
4,6,full,1.000000,5.734375,2.565026,5.734375,2.565026,White,
4,7,full,1.000000,6.796875,2.565026,6.796875,2.565026,White,
4,8,full,1.000000,7.859375,2.565026,7.859375,2.565026,White,
4,9,full,1.000000,8.921875,2.565026,8.921875,2.565026,White,
4,10,full,1.000000,9.984375,2.565026,9.984375,2.565026,White,
4,11,full,1.000000,11.046875,2.565026,11.046875,2.565026,Black,
4,12,full,1.000000,12.109375,2.565026,12.109375,2.565026,Black,
4,13,full,1.000000,13.171875,2.565026,13.171875,2.565026,Black,
4,14,full,1.000000,14.234375,2.565026,14.234375,2.565026,White,
4,15,full,1.000000,15.296875,2.565026,15.296875,2.565026,Black,
4,16,full,1.000000,16.359375,2.565026,16.359375,2.565026,Black,
4,17,full,1.000000,17.421875,2.565026,17.421875,2.565026,Black,
4,18,full,1.000000,18.484375,2.565026,18.484375,2.565026,Black,
4,19,full,1.000000,19.546875,2.565026,19.546875,2.565026,Black,
4,20,full,1.000000,20.609375,2.565026,20.609375,2.565026,Black,
4,21,full,1.000000,21.671875,2.565026,21.671875,2.565026,Black,
4,22,full,1.000000,22.734375,2.565026,22.734375,2.565026,Black,
4,23,full,1.000000,23.796875,2.565026,23.796875,2.565026,White,
4,24,full,1.000000,24.859375,2.565026,24.859375,2.565026,White,
4,25,full,1.000000,25.921875,2.565026,25.921875,2.565026,White,
4,26,full,1.000000,26.984375,2.565026,26.984375,2.565026,White,
4,27,full,1.000000,28.046875,2.565026,28.046875,2.565026,White,
4,28,full,1.000000,29.109375,2.565026,29.109375,2.565026,White,
4,29,full,1.000000,30.171875,2.565026,30.171875,2.565026,Black,
4,30,full,1.000000,31.234375,2.565026,31.234375,2.565026,Black,
4,31,full,1.000000,32.296875,2.565026,32.296875,2.565026,Black,
4,32,full,1.000000,33.359375,2.565026,33.359375,2.565026,Black,
4,33,full,1.000000,34.421875,2.565026,34.421875,2.565026,Black,
4,34,full,1.000000,35.484375,2.565026,35.484375,2.565026,Black,
4,35,full,1.000000,36.546875,2.565026,36.546875,2.565026,White,
4,36,full,1.000000,37.609375,2.565026,37.609375,2.565026,White,
4,37,full,1.000000,38.671875,2.565026,38.671875,2.565026,White,
4,38,full,1.000000,39.734375,2.565026,39.734375,2.565026,White,
4,39,full,1.000000,40.796875,2.565026,40.796875,2.565026,White,
4,40,full,1.000000,41.859375,2.565026,41.859375,2.565026,White,
4,41,full,1.000000,42.921875,2.565026,42.921875,2.565026,White,
4,42,full,1.000000,43.984375,2.565026,43.984375,2.565026,White,
4,43,full,1.000000,45.046875,2.565026,45.046875,2.565026,White,
4,44,edge_cut,0.362142,46.109375,2.565026,45.822975,2.565026,White,
5,1,edge_cut,0.362142,-0.109375,3.485178,0.177025,3.485178,White,
5,2,full,1.000000,0.953125,3.485178,0.953125,3.485178,White,
5,3,full,1.000000,2.015625,3.485178,2.015625,3.485178,White,
5,4,full,1.000000,3.078125,3.485178,3.078125,3.485178,White,
5,5,full,1.000000,4.140625,3.485178,4.140625,3.485178,White,
5,6,full,1.000000,5.203125,3.485178,5.203125,3.485178,White,
5,7,full,1.000000,6.265625,3.485178,6.265625,3.485178,White,
5,8,full,1.000000,7.328125,3.485178,7.328125,3.485178,White,
5,9,full,1.000000,8.390625,3.485178,8.390625,3.485178,White,
5,10,full,1.000000,9.453125,3.485178,9.453125,3.485178,White,
5,11,full,1.000000,10.515625,3.485178,10.515625,3.485178,Black,
5,12,full,1.000000,11.578125,3.485178,11.578125,3.485178,Black,
5,13,full,1.000000,12.640625,3.485178,12.640625,3.485178,White,
5,14,full,1.000000,13.703125,3.485178,13.703125,3.485178,White,
5,15,full,1.000000,14.765625,3.485178,14.765625,3.485178,White,
5,16,full,1.000000,15.828125,3.485178,15.828125,3.485178,Black,
5,17,full,1.000000,16.890625,3.485178,16.890625,3.485178,Black,
5,18,full,1.000000,17.953125,3.485178,17.953125,3.485178,Black,
5,19,full,1.000000,19.015625,3.485178,19.015625,3.485178,Black,
5,20,full,1.000000,20.078125,3.485178,20.078125,3.485178,Black,
5,21,full,1.000000,21.140625,3.485178,21.140625,3.485178,Black,
5,22,full,1.000000,22.203125,3.485178,22.203125,3.485178,Black,
5,23,full,1.000000,23.265625,3.485178,23.265625,3.485178,Black,
5,24,full,1.000000,24.328125,3.485178,24.328125,3.485178,White,
5,25,full,1.000000,25.390625,3.485178,25.390625,3.485178,White,
5,26,full,1.000000,26.453125,3.485178,26.453125,3.485178,White,
5,27,full,1.000000,27.515625,3.485178,27.515625,3.485178,White,
5,28,full,1.000000,28.578125,3.485178,28.578125,3.485178,White,
5,29,full,1.000000,29.640625,3.485178,29.640625,3.485178,Black,
5,30,full,1.000000,30.703125,3.485178,30.703125,3.485178,Black,
5,31,full,1.000000,31.765625,3.485178,31.765625,3.485178,Black,
5,32,full,1.000000,32.828125,3.485178,32.828125,3.485178,Black,
5,33,full,1.000000,33.890625,3.485178,33.890625,3.485178,Black,
5,34,full,1.000000,34.953125,3.485178,34.953125,3.485178,Black,
5,35,full,1.000000,36.015625,3.485178,36.015625,3.485178,Black,
5,36,full,1.000000,37.078125,3.485178,37.078125,3.485178,White,
5,37,full,1.000000,38.140625,3.485178,38.140625,3.485178,White,
5,38,full,1.000000,39.203125,3.485178,39.203125,3.485178,White,
5,39,full,1.000000,40.265625,3.485178,40.265625,3.485178,White,
5,40,full,1.000000,41.328125,3.485178,41.328125,3.485178,White,
5,41,full,1.000000,42.390625,3.485178,42.390625,3.485178,White,
5,42,full,1.000000,43.453125,3.485178,43.453125,3.485178,White,
5,43,full,1.000000,44.515625,3.485178,44.515625,3.485178,White,
5,44,edge_cut,0.943848,45.578125,3.485178,45.550759,3.485178,White,
6,1,edge_cut,0.943848,0.421875,4.405330,0.449241,4.405330,White,
6,2,full,1.000000,1.484375,4.405330,1.484375,4.405330,White,
6,3,full,1.000000,2.546875,4.405330,2.546875,4.405330,White,
6,4,full,1.000000,3.609375,4.405330,3.609375,4.405330,White,
6,5,full,1.000000,4.671875,4.405330,4.671875,4.405330,White,
6,6,full,1.000000,5.734375,4.405330,5.734375,4.405330,White,
6,7,full,1.000000,6.796875,4.405330,6.796875,4.405330,White,
6,8,full,1.000000,7.859375,4.405330,7.859375,4.405330,White,
6,9,full,1.000000,8.921875,4.405330,8.921875,4.405330,White,
6,10,full,1.000000,9.984375,4.405330,9.984375,4.405330,Black,
6,11,full,1.000000,11.046875,4.405330,11.046875,4.405330,Black,
6,12,full,1.000000,12.109375,4.405330,12.109375,4.405330,White,
6,13,full,1.000000,13.171875,4.405330,13.171875,4.405330,White,
6,14,full,1.000000,14.234375,4.405330,14.234375,4.405330,White,
6,15,full,1.000000,15.296875,4.405330,15.296875,4.405330,White,
6,16,full,1.000000,16.359375,4.405330,16.359375,4.405330,Black,
6,17,full,1.000000,17.421875,4.405330,17.421875,4.405330,Black,
6,18,full,1.000000,18.484375,4.405330,18.484375,4.405330,Black,
6,19,full,1.000000,19.546875,4.405330,19.546875,4.405330,Black,
6,20,full,1.000000,20.609375,4.405330,20.609375,4.405330,Black,
6,21,full,1.000000,21.671875,4.405330,21.671875,4.405330,Black,
6,22,full,1.000000,22.734375,4.405330,22.734375,4.405330,Black,
6,23,full,1.000000,23.796875,4.405330,23.796875,4.405330,Black,
6,24,full,1.000000,24.859375,4.405330,24.859375,4.405330,Black,
6,25,full,1.000000,25.921875,4.405330,25.921875,4.405330,White,
6,26,full,1.000000,26.984375,4.405330,26.984375,4.405330,White,
6,27,full,1.000000,28.046875,4.405330,28.046875,4.405330,White,
6,28,full,1.000000,29.109375,4.405330,29.109375,4.405330,Black,
6,29,full,1.000000,30.171875,4.405330,30.171875,4.405330,Black,
6,30,full,1.000000,31.234375,4.405330,31.234375,4.405330,Black,
6,31,full,1.000000,32.296875,4.405330,32.296875,4.405330,Black,
6,32,full,1.000000,33.359375,4.405330,33.359375,4.405330,Black,
6,33,full,1.000000,34.421875,4.405330,34.421875,4.405330,Black,
6,34,full,1.000000,35.484375,4.405330,35.484375,4.405330,Black,
6,35,full,1.000000,36.546875,4.405330,36.546875,4.405330,Black,
6,36,full,1.000000,37.609375,4.405330,37.609375,4.405330,White,
6,37,full,1.000000,38.671875,4.405330,38.671875,4.405330,White,
6,38,full,1.000000,39.734375,4.405330,39.734375,4.405330,White,
6,39,full,1.000000,40.796875,4.405330,40.796875,4.405330,White,
6,40,full,1.000000,41.859375,4.405330,41.859375,4.405330,White,
6,41,full,1.000000,42.921875,4.405330,42.921875,4.405330,White,
6,42,full,1.000000,43.984375,4.405330,43.984375,4.405330,White,
6,43,full,1.000000,45.046875,4.405330,45.046875,4.405330,White,
6,44,edge_cut,0.362142,46.109375,4.405330,45.822975,4.405330,White,
7,1,edge_cut,0.362142,-0.109375,5.325482,0.177025,5.325482,White,
7,2,full,1.000000,0.953125,5.325482,0.953125,5.325482,White,
7,3,full,1.000000,2.015625,5.325482,2.015625,5.325482,White,
7,4,full,1.000000,3.078125,5.325482,3.078125,5.325482,White,
7,5,full,1.000000,4.140625,5.325482,4.140625,5.325482,White,
7,6,full,1.000000,5.203125,5.325482,5.203125,5.325482,White,
7,7,full,1.000000,6.265625,5.325482,6.265625,5.325482,White,
7,8,full,1.000000,7.328125,5.325482,7.328125,5.325482,White,
7,9,full,1.000000,8.390625,5.325482,8.390625,5.325482,Black,
7,10,full,1.000000,9.453125,5.325482,9.453125,5.325482,Black,
7,11,full,1.000000,10.515625,5.325482,10.515625,5.325482,Black,
7,12,full,1.000000,11.578125,5.325482,11.578125,5.325482,White,
7,13,full,1.000000,12.640625,5.325482,12.640625,5.325482,White,
7,14,full,1.000000,13.703125,5.325482,13.703125,5.325482,White,
7,15,full,1.000000,14.765625,5.325482,14.765625,5.325482,White,
7,16,full,1.000000,15.828125,5.325482,15.828125,5.325482,White,
7,17,full,1.000000,16.890625,5.325482,16.890625,5.325482,Black,
7,18,full,1.000000,17.953125,5.325482,17.953125,5.325482,Black,
7,19,full,1.000000,19.015625,5.325482,19.015625,5.325482,Black,
7,20,full,1.000000,20.078125,5.325482,20.078125,5.325482,Black,
7,21,full,1.000000,21.140625,5.325482,21.140625,5.325482,Black,
7,22,full,1.000000,22.203125,5.325482,22.203125,5.325482,Black,
7,23,full,1.000000,23.265625,5.325482,23.265625,5.325482,Black,
7,24,full,1.000000,24.328125,5.325482,24.328125,5.325482,Black,
7,25,full,1.000000,25.390625,5.325482,25.390625,5.325482,Black,
7,26,full,1.000000,26.453125,5.325482,26.453125,5.325482,White,
7,27,full,1.000000,27.515625,5.325482,27.515625,5.325482,Black,
7,28,full,1.000000,28.578125,5.325482,28.578125,5.325482,Black,
7,29,full,1.000000,29.640625,5.325482,29.640625,5.325482,Black,
7,30,full,1.000000,30.703125,5.325482,30.703125,5.325482,White,
7,31,full,1.000000,31.765625,5.325482,31.765625,5.325482,White,
7,32,full,1.000000,32.828125,5.325482,32.828125,5.325482,Black,
7,33,full,1.000000,33.890625,5.325482,33.890625,5.325482,Black,
7,34,full,1.000000,34.953125,5.325482,34.953125,5.325482,Black,
7,35,full,1.000000,36.015625,5.325482,36.015625,5.325482,Black,
7,36,full,1.000000,37.078125,5.325482,37.078125,5.325482,Black,
7,37,full,1.000000,38.140625,5.325482,38.140625,5.325482,White,
7,38,full,1.000000,39.203125,5.325482,39.203125,5.325482,White,
7,39,full,1.000000,40.265625,5.325482,40.265625,5.325482,White,
7,40,full,1.000000,41.328125,5.325482,41.328125,5.325482,White,
7,41,full,1.000000,42.390625,5.325482,42.390625,5.325482,White,
7,42,full,1.000000,43.453125,5.325482,43.453125,5.325482,White,
7,43,full,1.000000,44.515625,5.325482,44.515625,5.325482,White,
7,44,edge_cut,0.943848,45.578125,5.325482,45.550759,5.325482,White,
8,1,edge_cut,0.943848,0.421875,6.245634,0.449241,6.245634,White,
8,2,full,1.000000,1.484375,6.245634,1.484375,6.245634,White,
8,3,full,1.000000,2.546875,6.245634,2.546875,6.245634,White,
8,4,full,1.000000,3.609375,6.245634,3.609375,6.245634,White,
8,5,full,1.000000,4.671875,6.245634,4.671875,6.245634,White,
8,6,full,1.000000,5.734375,6.245634,5.734375,6.245634,White,
8,7,full,1.000000,6.796875,6.245634,6.796875,6.245634,White,
8,8,full,1.000000,7.859375,6.245634,7.859375,6.245634,Black,
8,9,full,1.000000,8.921875,6.245634,8.921875,6.245634,Black,
8,10,full,1.000000,9.984375,6.245634,9.984375,6.245634,Black,
8,11,full,1.000000,11.046875,6.245634,11.046875,6.245634,White,
8,12,full,1.000000,12.109375,6.245634,12.109375,6.245634,White,
8,13,full,1.000000,13.171875,6.245634,13.171875,6.245634,White,
8,14,full,1.000000,14.234375,6.245634,14.234375,6.245634,White,
8,15,full,1.000000,15.296875,6.245634,15.296875,6.245634,White,
8,16,full,1.000000,16.359375,6.245634,16.359375,6.245634,White,
8,17,full,1.000000,17.421875,6.245634,17.421875,6.245634,Black,
8,18,full,1.000000,18.484375,6.245634,18.484375,6.245634,Black,
8,19,full,1.000000,19.546875,6.245634,19.546875,6.245634,Black,
8,20,full,1.000000,20.609375,6.245634,20.609375,6.245634,Black,
8,21,full,1.000000,21.671875,6.245634,21.671875,6.245634,Black,
8,22,full,1.000000,22.734375,6.245634,22.734375,6.245634,Black,
8,23,full,1.000000,23.796875,6.245634,23.796875,6.245634,Black,
8,24,full,1.000000,24.859375,6.245634,24.859375,6.245634,Black,
8,25,full,1.000000,25.921875,6.245634,25.921875,6.245634,Black,
8,26,full,1.000000,26.984375,6.245634,26.984375,6.245634,Black,
8,27,full,1.000000,28.046875,6.245634,28.046875,6.245634,Black,
8,28,full,1.000000,29.109375,6.245634,29.109375,6.245634,Black,
8,29,full,1.000000,30.171875,6.245634,30.171875,6.245634,White,
8,30,full,1.000000,31.234375,6.245634,31.234375,6.245634,White,
8,31,full,1.000000,32.296875,6.245634,32.296875,6.245634,White,
8,32,full,1.000000,33.359375,6.245634,33.359375,6.245634,Black,
8,33,full,1.000000,34.421875,6.245634,34.421875,6.245634,Black,
8,34,full,1.000000,35.484375,6.245634,35.484375,6.245634,Black,
8,35,full,1.000000,36.546875,6.245634,36.546875,6.245634,Black,
8,36,full,1.000000,37.609375,6.245634,37.609375,6.245634,Black,
8,37,full,1.000000,38.671875,6.245634,38.671875,6.245634,White,
8,38,full,1.000000,39.734375,6.245634,39.734375,6.245634,White,
8,39,full,1.000000,40.796875,6.245634,40.796875,6.245634,White,
8,40,full,1.000000,41.859375,6.245634,41.859375,6.245634,White,
8,41,full,1.000000,42.921875,6.245634,42.921875,6.245634,White,
8,42,full,1.000000,43.984375,6.245634,43.984375,6.245634,White,
8,43,full,1.000000,45.046875,6.245634,45.046875,6.245634,White,
8,44,edge_cut,0.362142,46.109375,6.245634,45.822975,6.245634,White,
9,1,edge_cut,0.362142,-0.109375,7.165786,0.177025,7.165786,White,
9,2,full,1.000000,0.953125,7.165786,0.953125,7.165786,White,
9,3,full,1.000000,2.015625,7.165786,2.015625,7.165786,White,
9,4,full,1.000000,3.078125,7.165786,3.078125,7.165786,White,
9,5,full,1.000000,4.140625,7.165786,4.140625,7.165786,White,
9,6,full,1.000000,5.203125,7.165786,5.203125,7.165786,White,
9,7,full,1.000000,6.265625,7.165786,6.265625,7.165786,White,
9,8,full,1.000000,7.328125,7.165786,7.328125,7.165786,Black,
9,9,full,1.000000,8.390625,7.165786,8.390625,7.165786,Black,
9,10,full,1.000000,9.453125,7.165786,9.453125,7.165786,Black,
9,11,full,1.000000,10.515625,7.165786,10.515625,7.165786,White,
9,12,full,1.000000,11.578125,7.165786,11.578125,7.165786,White,
9,13,full,1.000000,12.640625,7.165786,12.640625,7.165786,White,
9,14,full,1.000000,13.703125,7.165786,13.703125,7.165786,White,
9,15,full,1.000000,14.765625,7.165786,14.765625,7.165786,White,
9,16,full,1.000000,15.828125,7.165786,15.828125,7.165786,White,
9,17,full,1.000000,16.890625,7.165786,16.890625,7.165786,White,
9,18,full,1.000000,17.953125,7.165786,17.953125,7.165786,Black,
9,19,full,1.000000,19.015625,7.165786,19.015625,7.165786,Black,
9,20,full,1.000000,20.078125,7.165786,20.078125,7.165786,Black,
9,21,full,1.000000,21.140625,7.165786,21.140625,7.165786,Black,
9,22,full,1.000000,22.203125,7.165786,22.203125,7.165786,Black,
9,23,full,1.000000,23.265625,7.165786,23.265625,7.165786,Black,
9,24,full,1.000000,24.328125,7.165786,24.328125,7.165786,Black,
9,25,full,1.000000,25.390625,7.165786,25.390625,7.165786,Black,
9,26,full,1.000000,26.453125,7.165786,26.453125,7.165786,Black,
9,27,full,1.000000,27.515625,7.165786,27.515625,7.165786,Black,
9,28,full,1.000000,28.578125,7.165786,28.578125,7.165786,Black,
9,29,full,1.000000,29.640625,7.165786,29.640625,7.165786,White,
9,30,full,1.000000,30.703125,7.165786,30.703125,7.165786,White,
9,31,full,1.000000,31.765625,7.165786,31.765625,7.165786,White,
9,32,full,1.000000,32.828125,7.165786,32.828125,7.165786,White,
9,33,full,1.000000,33.890625,7.165786,33.890625,7.165786,Black,
9,34,full,1.000000,34.953125,7.165786,34.953125,7.165786,Black,
9,35,full,1.000000,36.015625,7.165786,36.015625,7.165786,Black,
9,36,full,1.000000,37.078125,7.165786,37.078125,7.165786,Black,
9,37,full,1.000000,38.140625,7.165786,38.140625,7.165786,Black,
9,38,full,1.000000,39.203125,7.165786,39.203125,7.165786,White,
9,39,full,1.000000,40.265625,7.165786,40.265625,7.165786,White,
9,40,full,1.000000,41.328125,7.165786,41.328125,7.165786,White,
9,41,full,1.000000,42.390625,7.165786,42.390625,7.165786,White,
9,42,full,1.000000,43.453125,7.165786,43.453125,7.165786,White,
9,43,full,1.000000,44.515625,7.165786,44.515625,7.165786,White,
9,44,edge_cut,0.943848,45.578125,7.165786,45.550759,7.165786,White,
10,1,edge_cut,0.943848,0.421875,8.085938,0.449241,8.085937,White,
10,2,full,1.000000,1.484375,8.085938,1.484375,8.085937,White,
10,3,full,1.000000,2.546875,8.085938,2.546875,8.085938,White,
10,4,full,1.000000,3.609375,8.085938,3.609375,8.085938,White,
10,5,full,1.000000,4.671875,8.085938,4.671875,8.085938,White,
10,6,full,1.000000,5.734375,8.085938,5.734375,8.085938,White,
10,7,full,1.000000,6.796875,8.085938,6.796875,8.085938,Black,
10,8,full,1.000000,7.859375,8.085938,7.859375,8.085938,Black,
10,9,full,1.000000,8.921875,8.085938,8.921875,8.085938,Black,
10,10,full,1.000000,9.984375,8.085938,9.984375,8.085938,White,
10,11,full,1.000000,11.046875,8.085938,11.046875,8.085937,White,
10,12,full,1.000000,12.109375,8.085938,12.109375,8.085938,White,
10,13,full,1.000000,13.171875,8.085938,13.171875,8.085938,White,
10,14,full,1.000000,14.234375,8.085938,14.234375,8.085937,White,
10,15,full,1.000000,15.296875,8.085938,15.296875,8.085937,White,
10,16,full,1.000000,16.359375,8.085938,16.359375,8.085938,White,
10,17,full,1.000000,17.421875,8.085938,17.421875,8.085938,White,
10,18,full,1.000000,18.484375,8.085938,18.484375,8.085937,White,
10,19,full,1.000000,19.546875,8.085938,19.546875,8.085938,Black,
10,20,full,1.000000,20.609375,8.085938,20.609375,8.085937,Black,
10,21,full,1.000000,21.671875,8.085938,21.671875,8.085937,Black,
10,22,full,1.000000,22.734375,8.085938,22.734375,8.085937,Black,
10,23,full,1.000000,23.796875,8.085938,23.796875,8.085938,Black,
10,24,full,1.000000,24.859375,8.085938,24.859375,8.085938,Black,
10,25,full,1.000000,25.921875,8.085938,25.921875,8.085938,Black,
10,26,full,1.000000,26.984375,8.085938,26.984375,8.085937,Black,
10,27,full,1.000000,28.046875,8.085938,28.046875,8.085937,Black,
10,28,full,1.000000,29.109375,8.085938,29.109375,8.085937,White,
10,29,full,1.000000,30.171875,8.085938,30.171875,8.085937,White,
10,30,full,1.000000,31.234375,8.085938,31.234375,8.085938,White,
10,31,full,1.000000,32.296875,8.085938,32.296875,8.085938,White,
10,32,full,1.000000,33.359375,8.085938,33.359375,8.085937,White,
10,33,full,1.000000,34.421875,8.085938,34.421875,8.085938,Black,
10,34,full,1.000000,35.484375,8.085938,35.484375,8.085937,Black,
10,35,full,1.000000,36.546875,8.085938,36.546875,8.085937,Black,
10,36,full,1.000000,37.609375,8.085938,37.609375,8.085938,Black,
10,37,full,1.000000,38.671875,8.085938,38.671875,8.085938,Black,
10,38,full,1.000000,39.734375,8.085938,39.734375,8.085938,Black,
10,39,full,1.000000,40.796875,8.085938,40.796875,8.085937,White,
10,40,full,1.000000,41.859375,8.085938,41.859375,8.085938,White,
10,41,full,1.000000,42.921875,8.085938,42.921875,8.085937,White,
10,42,full,1.000000,43.984375,8.085938,43.984375,8.085938,White,
10,43,full,1.000000,45.046875,8.085938,45.046875,8.085938,White,
10,44,edge_cut,0.362142,46.109375,8.085938,45.822975,8.085938,White,
11,1,edge_cut,0.362142,-0.109375,9.006089,0.177025,9.006089,White,
11,2,full,1.000000,0.953125,9.006089,0.953125,9.006089,White,
11,3,full,1.000000,2.015625,9.006089,2.015625,9.006089,White,
11,4,full,1.000000,3.078125,9.006089,3.078125,9.006089,White,
11,5,full,1.000000,4.140625,9.006089,4.140625,9.006089,White,
11,6,full,1.000000,5.203125,9.006089,5.203125,9.006089,White,
11,7,full,1.000000,6.265625,9.006089,6.265625,9.006089,Black,
11,8,full,1.000000,7.328125,9.006089,7.328125,9.006089,Black,
11,9,full,1.000000,8.390625,9.006089,8.390625,9.006089,White,
11,10,full,1.000000,9.453125,9.006089,9.453125,9.006089,White,
11,11,full,1.000000,10.515625,9.006089,10.515625,9.006089,White,
11,12,full,1.000000,11.578125,9.006089,11.578125,9.006089,White,
11,13,full,1.000000,12.640625,9.006089,12.640625,9.006089,White,
11,14,full,1.000000,13.703125,9.006089,13.703125,9.006089,White,
11,15,full,1.000000,14.765625,9.006089,14.765625,9.006089,White,
11,16,full,1.000000,15.828125,9.006089,15.828125,9.006089,White,
11,17,full,1.000000,16.890625,9.006089,16.890625,9.006089,White,
11,18,full,1.000000,17.953125,9.006089,17.953125,9.006089,White,
11,19,full,1.000000,19.015625,9.006089,19.015625,9.006089,White,
11,20,full,1.000000,20.078125,9.006089,20.078125,9.006089,Black,
11,21,full,1.000000,21.140625,9.006089,21.140625,9.006089,Black,
11,22,full,1.000000,22.203125,9.006089,22.203125,9.006089,Black,
11,23,full,1.000000,23.265625,9.006089,23.265625,9.006089,Black,
11,24,full,1.000000,24.328125,9.006089,24.328125,9.006089,Black,
11,25,full,1.000000,25.390625,9.006089,25.390625,9.006089,Black,
11,26,full,1.000000,26.453125,9.006089,26.453125,9.006089,Black,
11,27,full,1.000000,27.515625,9.006089,27.515625,9.006089,Black,
11,28,full,1.000000,28.578125,9.006089,28.578125,9.006089,White,
11,29,full,1.000000,29.640625,9.006089,29.640625,9.006089,White,
11,30,full,1.000000,30.703125,9.006089,30.703125,9.006089,White,
11,31,full,1.000000,31.765625,9.006089,31.765625,9.006089,White,
11,32,full,1.000000,32.828125,9.006089,32.828125,9.006089,White,
11,33,full,1.000000,33.890625,9.006089,33.890625,9.006089,White,
11,34,full,1.000000,34.953125,9.006089,34.953125,9.006089,Black,
11,35,full,1.000000,36.015625,9.006089,36.015625,9.006089,Black,
11,36,full,1.000000,37.078125,9.006089,37.078125,9.006089,Black,
11,37,full,1.000000,38.140625,9.006089,38.140625,9.006089,Black,
11,38,full,1.000000,39.203125,9.006089,39.203125,9.006089,Black,
11,39,full,1.000000,40.265625,9.006089,40.265625,9.006089,Black,
11,40,full,1.000000,41.328125,9.006089,41.328125,9.006089,White,
11,41,full,1.000000,42.390625,9.006089,42.390625,9.006089,White,
11,42,full,1.000000,43.453125,9.006089,43.453125,9.006089,White,
11,43,full,1.000000,44.515625,9.006089,44.515625,9.006089,White,
11,44,edge_cut,0.943848,45.578125,9.006089,45.550759,9.006089,White,
12,1,edge_cut,0.943848,0.421875,9.926241,0.449241,9.926241,White,
12,2,full,1.000000,1.484375,9.926241,1.484375,9.926241,White,
12,3,full,1.000000,2.546875,9.926241,2.546875,9.926241,White,
12,4,full,1.000000,3.609375,9.926241,3.609375,9.926241,White,
12,5,full,1.000000,4.671875,9.926241,4.671875,9.926241,White,
12,6,full,1.000000,5.734375,9.926241,5.734375,9.926241,Black,
12,7,full,1.000000,6.796875,9.926241,6.796875,9.926241,Black,
12,8,full,1.000000,7.859375,9.926241,7.859375,9.926241,White,
12,9,full,1.000000,8.921875,9.926241,8.921875,9.926241,White,
12,10,full,1.000000,9.984375,9.926241,9.984375,9.926241,White,
12,11,full,1.000000,11.046875,9.926241,11.046875,9.926241,White,
12,12,full,1.000000,12.109375,9.926241,12.109375,9.926241,White,
12,13,full,1.000000,13.171875,9.926241,13.171875,9.926241,White,
12,14,full,1.000000,14.234375,9.926241,14.234375,9.926241,White,
12,15,full,1.000000,15.296875,9.926241,15.296875,9.926241,White,
12,16,full,1.000000,16.359375,9.926241,16.359375,9.926241,White,
12,17,full,1.000000,17.421875,9.926241,17.421875,9.926241,White,
12,18,full,1.000000,18.484375,9.926241,18.484375,9.926241,White,
12,19,full,1.000000,19.546875,9.926241,19.546875,9.926241,White,
12,20,full,1.000000,20.609375,9.926241,20.609375,9.926241,Black,
12,21,full,1.000000,21.671875,9.926241,21.671875,9.926241,Black,
12,22,full,1.000000,22.734375,9.926241,22.734375,9.926241,Black,
12,23,full,1.000000,23.796875,9.926241,23.796875,9.926241,Black,
12,24,full,1.000000,24.859375,9.926241,24.859375,9.926241,Black,
12,25,full,1.000000,25.921875,9.926241,25.921875,9.926241,Black,
12,26,full,1.000000,26.984375,9.926241,26.984375,9.926241,Black,
12,27,full,1.000000,28.046875,9.926241,28.046875,9.926241,Black,
12,28,full,1.000000,29.109375,9.926241,29.109375,9.926241,Black,
12,29,full,1.000000,30.171875,9.926241,30.171875,9.926241,White,
12,30,full,1.000000,31.234375,9.926241,31.234375,9.926241,White,
12,31,full,1.000000,32.296875,9.926241,32.296875,9.926241,White,
12,32,full,1.000000,33.359375,9.926241,33.359375,9.926241,White,
12,33,full,1.000000,34.421875,9.926241,34.421875,9.926241,White,
12,34,full,1.000000,35.484375,9.926241,35.484375,9.926241,Black,
12,35,full,1.000000,36.546875,9.926241,36.546875,9.926241,Black,
12,36,full,1.000000,37.609375,9.926241,37.609375,9.926241,Black,
12,37,full,1.000000,38.671875,9.926241,38.671875,9.926241,Black,
12,38,full,1.000000,39.734375,9.926241,39.734375,9.926241,Black,
12,39,full,1.000000,40.796875,9.926241,40.796875,9.926241,Black,
12,40,full,1.000000,41.859375,9.926241,41.859375,9.926241,White,
12,41,full,1.000000,42.921875,9.926241,42.921875,9.926241,White,
12,42,full,1.000000,43.984375,9.926241,43.984375,9.926241,White,
12,43,full,1.000000,45.046875,9.926241,45.046875,9.926241,White,
12,44,edge_cut,0.362142,46.109375,9.926241,45.822975,9.926241,White,
13,1,edge_cut,0.362142,-0.109375,10.846393,0.177025,10.846393,White,
13,2,full,1.000000,0.953125,10.846393,0.953125,10.846393,White,
13,3,full,1.000000,2.015625,10.846393,2.015625,10.846393,White,
13,4,full,1.000000,3.078125,10.846393,3.078125,10.846393,White,
13,5,full,1.000000,4.140625,10.846393,4.140625,10.846393,Black,
13,6,full,1.000000,5.203125,10.846393,5.203125,10.846393,Black,
13,7,full,1.000000,6.265625,10.846393,6.265625,10.846393,Black,
13,8,full,1.000000,7.328125,10.846393,7.328125,10.846393,White,
13,9,full,1.000000,8.390625,10.846393,8.390625,10.846393,White,
13,10,full,1.000000,9.453125,10.846393,9.453125,10.846393,White,
13,11,full,1.000000,10.515625,10.846393,10.515625,10.846393,White,
13,12,full,1.000000,11.578125,10.846393,11.578125,10.846393,White,
13,13,full,1.000000,12.640625,10.846393,12.640625,10.846393,White,
13,14,full,1.000000,13.703125,10.846393,13.703125,10.846393,White,
13,15,full,1.000000,14.765625,10.846393,14.765625,10.846393,White,
13,16,full,1.000000,15.828125,10.846393,15.828125,10.846393,White,
13,17,full,1.000000,16.890625,10.846393,16.890625,10.846393,White,
13,18,full,1.000000,17.953125,10.846393,17.953125,10.846393,White,
13,19,full,1.000000,19.015625,10.846393,19.015625,10.846393,White,
13,20,full,1.000000,20.078125,10.846393,20.078125,10.846393,White,
13,21,full,1.000000,21.140625,10.846393,21.140625,10.846393,Black,
13,22,full,1.000000,22.203125,10.846393,22.203125,10.846393,Black,
13,23,full,1.000000,23.265625,10.846393,23.265625,10.846393,Black,
13,24,full,1.000000,24.328125,10.846393,24.328125,10.846393,Black,
13,25,full,1.000000,25.390625,10.846393,25.390625,10.846393,Black,
13,26,full,1.000000,26.453125,10.846393,26.453125,10.846393,Black,
13,27,full,1.000000,27.515625,10.846393,27.515625,10.846393,Black,
13,28,full,1.000000,28.578125,10.846393,28.578125,10.846393,Black,
13,29,full,1.000000,29.640625,10.846393,29.640625,10.846393,Black,
13,30,full,1.000000,30.703125,10.846393,30.703125,10.846393,White,
13,31,full,1.000000,31.765625,10.846393,31.765625,10.846393,White,
13,32,full,1.000000,32.828125,10.846393,32.828125,10.846393,White,
13,33,full,1.000000,33.890625,10.846393,33.890625,10.846393,White,
13,34,full,1.000000,34.953125,10.846393,34.953125,10.846393,White,
13,35,full,1.000000,36.015625,10.846393,36.015625,10.846393,White,
13,36,full,1.000000,37.078125,10.846393,37.078125,10.846393,Black,
13,37,full,1.000000,38.140625,10.846393,38.140625,10.846393,Black,
13,38,full,1.000000,39.203125,10.846393,39.203125,10.846393,Black,
13,39,full,1.000000,40.265625,10.846393,40.265625,10.846393,Black,
13,40,full,1.000000,41.328125,10.846393,41.328125,10.846393,Black,
13,41,full,1.000000,42.390625,10.846393,42.390625,10.846393,White,
13,42,full,1.000000,43.453125,10.846393,43.453125,10.846393,White,
13,43,full,1.000000,44.515625,10.846393,44.515625,10.846393,White,
13,44,edge_cut,0.943848,45.578125,10.846393,45.550759,10.846393,White,
14,1,edge_cut,0.943848,0.421875,11.766545,0.449241,11.766545,White,
14,2,full,1.000000,1.484375,11.766545,1.484375,11.766545,White,
14,3,full,1.000000,2.546875,11.766545,2.546875,11.766545,White,
14,4,full,1.000000,3.609375,11.766545,3.609375,11.766545,Black,
14,5,full,1.000000,4.671875,11.766545,4.671875,11.766545,Black,
14,6,full,1.000000,5.734375,11.766545,5.734375,11.766545,Black,
14,7,full,1.000000,6.796875,11.766545,6.796875,11.766545,White,
14,8,full,1.000000,7.859375,11.766545,7.859375,11.766545,White,
14,9,full,1.000000,8.921875,11.766545,8.921875,11.766545,White,
14,10,full,1.000000,9.984375,11.766545,9.984375,11.766545,White,
14,11,full,1.000000,11.046875,11.766545,11.046875,11.766545,White,
14,12,full,1.000000,12.109375,11.766545,12.109375,11.766545,White,
14,13,full,1.000000,13.171875,11.766545,13.171875,11.766545,White,
14,14,full,1.000000,14.234375,11.766545,14.234375,11.766545,White,
14,15,full,1.000000,15.296875,11.766545,15.296875,11.766545,White,
14,16,full,1.000000,16.359375,11.766545,16.359375,11.766545,White,
14,17,full,1.000000,17.421875,11.766545,17.421875,11.766545,White,
14,18,full,1.000000,18.484375,11.766545,18.484375,11.766545,White,
14,19,full,1.000000,19.546875,11.766545,19.546875,11.766545,White,
14,20,full,1.000000,20.609375,11.766545,20.609375,11.766545,White,
14,21,full,1.000000,21.671875,11.766545,21.671875,11.766545,Black,
14,22,full,1.000000,22.734375,11.766545,22.734375,11.766545,Black,
14,23,full,1.000000,23.796875,11.766545,23.796875,11.766545,Black,
14,24,full,1.000000,24.859375,11.766545,24.859375,11.766545,Black,
14,25,full,1.000000,25.921875,11.766545,25.921875,11.766545,Black,
14,26,full,1.000000,26.984375,11.766545,26.984375,11.766545,Black,
14,27,full,1.000000,28.046875,11.766545,28.046875,11.766545,Black,
14,28,full,1.000000,29.109375,11.766545,29.109375,11.766545,Black,
14,29,full,1.000000,30.171875,11.766545,30.171875,11.766545,Black,
14,30,full,1.000000,31.234375,11.766545,31.234375,11.766545,White,
14,31,full,1.000000,32.296875,11.766545,32.296875,11.766545,White,
14,32,full,1.000000,33.359375,11.766545,33.359375,11.766545,White,
14,33,full,1.000000,34.421875,11.766545,34.421875,11.766545,White,
14,34,full,1.000000,35.484375,11.766545,35.484375,11.766545,White,
14,35,full,1.000000,36.546875,11.766545,36.546875,11.766545,White,
14,36,full,1.000000,37.609375,11.766545,37.609375,11.766545,Black,
14,37,full,1.000000,38.671875,11.766545,38.671875,11.766545,Black,
14,38,full,1.000000,39.734375,11.766545,39.734375,11.766545,Black,
14,39,full,1.000000,40.796875,11.766545,40.796875,11.766545,Black,
14,40,full,1.000000,41.859375,11.766545,41.859375,11.766545,Black,
14,41,full,1.000000,42.921875,11.766545,42.921875,11.766545,White,
14,42,full,1.000000,43.984375,11.766545,43.984375,11.766545,White,
14,43,full,1.000000,45.046875,11.766545,45.046875,11.766545,White,
14,44,edge_cut,0.362142,46.109375,11.766545,45.822975,11.766545,White,
15,1,edge_cut,0.362142,-0.109375,12.686697,0.177025,12.686697,White,
15,2,full,1.000000,0.953125,12.686697,0.953125,12.686697,White,
15,3,full,1.000000,2.015625,12.686697,2.015625,12.686697,White,
15,4,full,1.000000,3.078125,12.686697,3.078125,12.686697,Black,
15,5,full,1.000000,4.140625,12.686697,4.140625,12.686697,Black,
15,6,full,1.000000,5.203125,12.686697,5.203125,12.686697,Black,
15,7,full,1.000000,6.265625,12.686697,6.265625,12.686697,White,
15,8,full,1.000000,7.328125,12.686697,7.328125,12.686697,White,
15,9,full,1.000000,8.390625,12.686697,8.390625,12.686697,White,
15,10,full,1.000000,9.453125,12.686697,9.453125,12.686697,White,
15,11,full,1.000000,10.515625,12.686697,10.515625,12.686697,White,
15,12,full,1.000000,11.578125,12.686697,11.578125,12.686697,White,
15,13,full,1.000000,12.640625,12.686697,12.640625,12.686697,White,
15,14,full,1.000000,13.703125,12.686697,13.703125,12.686697,White,
15,15,full,1.000000,14.765625,12.686697,14.765625,12.686697,White,
15,16,full,1.000000,15.828125,12.686697,15.828125,12.686697,White,
15,17,full,1.000000,16.890625,12.686697,16.890625,12.686697,White,
15,18,full,1.000000,17.953125,12.686697,17.953125,12.686697,White,
15,19,full,1.000000,19.015625,12.686697,19.015625,12.686697,White,
15,20,full,1.000000,20.078125,12.686697,20.078125,12.686697,White,
15,21,full,1.000000,21.140625,12.686697,21.140625,12.686697,White,
15,22,full,1.000000,22.203125,12.686697,22.203125,12.686697,White,
15,23,full,1.000000,23.265625,12.686697,23.265625,12.686697,Black,
15,24,full,1.000000,24.328125,12.686697,24.328125,12.686697,Black,
15,25,full,1.000000,25.390625,12.686697,25.390625,12.686697,Black,
15,26,full,1.000000,26.453125,12.686697,26.453125,12.686697,Black,
15,27,full,1.000000,27.515625,12.686697,27.515625,12.686697,Black,
15,28,full,1.000000,28.578125,12.686697,28.578125,12.686697,Black,
15,29,full,1.000000,29.640625,12.686697,29.640625,12.686697,Black,
15,30,full,1.000000,30.703125,12.686697,30.703125,12.686697,Black,
15,31,full,1.000000,31.765625,12.686697,31.765625,12.686697,White,
15,32,full,1.000000,32.828125,12.686697,32.828125,12.686697,White,
15,33,full,1.000000,33.890625,12.686697,33.890625,12.686697,White,
15,34,full,1.000000,34.953125,12.686697,34.953125,12.686697,White,
15,35,full,1.000000,36.015625,12.686697,36.015625,12.686697,White,
15,36,full,1.000000,37.078125,12.686697,37.078125,12.686697,White,
15,37,full,1.000000,38.140625,12.686697,38.140625,12.686697,Black,
15,38,full,1.000000,39.203125,12.686697,39.203125,12.686697,Black,
15,39,full,1.000000,40.265625,12.686697,40.265625,12.686697,Black,
15,40,full,1.000000,41.328125,12.686697,41.328125,12.686697,Black,
15,41,full,1.000000,42.390625,12.686697,42.390625,12.686697,Black,
15,42,full,1.000000,43.453125,12.686697,43.453125,12.686697,Black,
15,43,full,1.000000,44.515625,12.686697,44.515625,12.686697,White,
15,44,edge_cut,0.943848,45.578125,12.686697,45.550759,12.686697,White,
16,1,edge_cut,0.943848,0.421875,13.606849,0.449241,13.606849,White,
16,2,full,1.000000,1.484375,13.606849,1.484375,13.606849,White,
16,3,full,1.000000,2.546875,13.606849,2.546875,13.606849,Black,
16,4,full,1.000000,3.609375,13.606849,3.609375,13.606849,Black,
16,5,full,1.000000,4.671875,13.606849,4.671875,13.606849,White,
16,6,full,1.000000,5.734375,13.606849,5.734375,13.606849,White,
16,7,full,1.000000,6.796875,13.606849,6.796875,13.606849,White,
16,8,full,1.000000,7.859375,13.606849,7.859375,13.606849,White,
16,9,full,1.000000,8.921875,13.606849,8.921875,13.606849,White,
16,10,full,1.000000,9.984375,13.606849,9.984375,13.606849,White,
16,11,full,1.000000,11.046875,13.606849,11.046875,13.606849,White,
16,12,full,1.000000,12.109375,13.606849,12.109375,13.606849,White,
16,13,full,1.000000,13.171875,13.606849,13.171875,13.606849,White,
16,14,full,1.000000,14.234375,13.606849,14.234375,13.606849,White,
16,15,full,1.000000,15.296875,13.606849,15.296875,13.606849,White,
16,16,full,1.000000,16.359375,13.606849,16.359375,13.606849,White,
16,17,full,1.000000,17.421875,13.606849,17.421875,13.606849,White,
16,18,full,1.000000,18.484375,13.606849,18.484375,13.606849,White,
16,19,full,1.000000,19.546875,13.606849,19.546875,13.606849,White,
16,20,full,1.000000,20.609375,13.606849,20.609375,13.606849,White,
16,21,full,1.000000,21.671875,13.606849,21.671875,13.606849,White,
16,22,full,1.000000,22.734375,13.606849,22.734375,13.606849,White,
16,23,full,1.000000,23.796875,13.606849,23.796875,13.606849,Black,
16,24,full,1.000000,24.859375,13.606849,24.859375,13.606849,Black,
16,25,full,1.000000,25.921875,13.606849,25.921875,13.606849,Black,
16,26,full,1.000000,26.984375,13.606849,26.984375,13.606849,Black,
16,27,full,1.000000,28.046875,13.606849,28.046875,13.606849,Black,
16,28,full,1.000000,29.109375,13.606849,29.109375,13.606849,Black,
16,29,full,1.000000,30.171875,13.606849,30.171875,13.606849,Black,
16,30,full,1.000000,31.234375,13.606849,31.234375,13.606849,Black,
16,31,full,1.000000,32.296875,13.606849,32.296875,13.606849,White,
16,32,full,1.000000,33.359375,13.606849,33.359375,13.606849,White,
16,33,full,1.000000,34.421875,13.606849,34.421875,13.606849,White,
16,34,full,1.000000,35.484375,13.606849,35.484375,13.606849,White,
16,35,full,1.000000,36.546875,13.606849,36.546875,13.606849,White,
16,36,full,1.000000,37.609375,13.606849,37.609375,13.606849,White,
16,37,full,1.000000,38.671875,13.606849,38.671875,13.606849,Black,
16,38,full,1.000000,39.734375,13.606849,39.734375,13.606849,Black,
16,39,full,1.000000,40.796875,13.606849,40.796875,13.606849,Black,
16,40,full,1.000000,41.859375,13.606849,41.859375,13.606849,Black,
16,41,full,1.000000,42.921875,13.606849,42.921875,13.606849,Black,
16,42,full,1.000000,43.984375,13.606849,43.984375,13.606849,Black,
16,43,full,1.000000,45.046875,13.606849,45.046875,13.606849,White,
16,44,edge_cut,0.362142,46.109375,13.606849,45.822975,13.606849,White,
17,1,edge_cut,0.362142,-0.109375,14.527001,0.177025,14.527001,White,
17,2,full,1.000000,0.953125,14.527001,0.953125,14.527001,White,
17,3,full,1.000000,2.015625,14.527001,2.015625,14.527001,Black,
17,4,full,1.000000,3.078125,14.527001,3.078125,14.527001,Black,
17,5,full,1.000000,4.140625,14.527001,4.140625,14.527001,White,
17,6,full,1.000000,5.203125,14.527001,5.203125,14.527001,White,
17,7,full,1.000000,6.265625,14.527001,6.265625,14.527001,White,
17,8,full,1.000000,7.328125,14.527001,7.328125,14.527001,White,
17,9,full,1.000000,8.390625,14.527001,8.390625,14.527001,White,
17,10,full,1.000000,9.453125,14.527001,9.453125,14.527001,White,
17,11,full,1.000000,10.515625,14.527001,10.515625,14.527001,White,
17,12,full,1.000000,11.578125,14.527001,11.578125,14.527001,White,
17,13,full,1.000000,12.640625,14.527001,12.640625,14.527001,White,
17,14,full,1.000000,13.703125,14.527001,13.703125,14.527001,White,
17,15,full,1.000000,14.765625,14.527001,14.765625,14.527001,White,
17,16,full,1.000000,15.828125,14.527001,15.828125,14.527001,White,
17,17,full,1.000000,16.890625,14.527001,16.890625,14.527001,White,
17,18,full,1.000000,17.953125,14.527001,17.953125,14.527001,White,
17,19,full,1.000000,19.015625,14.527001,19.015625,14.527001,White,
17,20,full,1.000000,20.078125,14.527001,20.078125,14.527001,White,
17,21,full,1.000000,21.140625,14.527001,21.140625,14.527001,White,
17,22,full,1.000000,22.203125,14.527001,22.203125,14.527001,White,
17,23,full,1.000000,23.265625,14.527001,23.265625,14.527001,White,
17,24,full,1.000000,24.328125,14.527001,24.328125,14.527001,Black,
17,25,full,1.000000,25.390625,14.527001,25.390625,14.527001,Black,
17,26,full,1.000000,26.453125,14.527001,26.453125,14.527001,Black,
17,27,full,1.000000,27.515625,14.527001,27.515625,14.527001,Black,
17,28,full,1.000000,28.578125,14.527001,28.578125,14.527001,Black,
17,29,full,1.000000,29.640625,14.527001,29.640625,14.527001,Black,
17,30,full,1.000000,30.703125,14.527001,30.703125,14.527001,Black,
17,31,full,1.000000,31.765625,14.527001,31.765625,14.527001,Black,
17,32,full,1.000000,32.828125,14.527001,32.828125,14.527001,White,
17,33,full,1.000000,33.890625,14.527001,33.890625,14.527001,White,
17,34,full,1.000000,34.953125,14.527001,34.953125,14.527001,White,
17,35,full,1.000000,36.015625,14.527001,36.015625,14.527001,White,
17,36,full,1.000000,37.078125,14.527001,37.078125,14.527001,White,
17,37,full,1.000000,38.140625,14.527001,38.140625,14.527001,White,
17,38,full,1.000000,39.203125,14.527001,39.203125,14.527001,Black,
17,39,full,1.000000,40.265625,14.527001,40.265625,14.527001,Black,
17,40,full,1.000000,41.328125,14.527001,41.328125,14.527001,Black,
17,41,full,1.000000,42.390625,14.527001,42.390625,14.527001,Black,
17,42,full,1.000000,43.453125,14.527001,43.453125,14.527001,Black,
17,43,full,1.000000,44.515625,14.527001,44.515625,14.527001,Black,
17,44,edge_cut,0.943848,45.578125,14.527001,45.550759,14.527001,White,
18,1,edge_cut,0.943848,0.421875,15.447153,0.449241,15.447153,White,
18,2,full,1.000000,1.484375,15.447153,1.484375,15.447153,Black,
18,3,full,1.000000,2.546875,15.447153,2.546875,15.447153,Black,
18,4,full,1.000000,3.609375,15.447153,3.609375,15.447153,White,
18,5,full,1.000000,4.671875,15.447153,4.671875,15.447153,White,
18,6,full,1.000000,5.734375,15.447153,5.734375,15.447153,White,
18,7,full,1.000000,6.796875,15.447153,6.796875,15.447153,White,
18,8,full,1.000000,7.859375,15.447153,7.859375,15.447153,White,
18,9,full,1.000000,8.921875,15.447153,8.921875,15.447153,White,
18,10,full,1.000000,9.984375,15.447153,9.984375,15.447153,White,
18,11,full,1.000000,11.046875,15.447153,11.046875,15.447153,White,
18,12,full,1.000000,12.109375,15.447153,12.109375,15.447153,White,
18,13,full,1.000000,13.171875,15.447153,13.171875,15.447153,White,
18,14,full,1.000000,14.234375,15.447153,14.234375,15.447153,White,
18,15,full,1.000000,15.296875,15.447153,15.296875,15.447153,White,
18,16,full,1.000000,16.359375,15.447153,16.359375,15.447153,White,
18,17,full,1.000000,17.421875,15.447153,17.421875,15.447153,White,
18,18,full,1.000000,18.484375,15.447153,18.484375,15.447153,White,
18,19,full,1.000000,19.546875,15.447153,19.546875,15.447153,White,
18,20,full,1.000000,20.609375,15.447153,20.609375,15.447153,White,
18,21,full,1.000000,21.671875,15.447153,21.671875,15.447153,White,
18,22,full,1.000000,22.734375,15.447153,22.734375,15.447153,White,
18,23,full,1.000000,23.796875,15.447153,23.796875,15.447153,White,
18,24,full,1.000000,24.859375,15.447153,24.859375,15.447153,Black,
18,25,full,1.000000,25.921875,15.447153,25.921875,15.447153,Black,
18,26,full,1.000000,26.984375,15.447153,26.984375,15.447153,Black,
18,27,full,1.000000,28.046875,15.447153,28.046875,15.447153,Black,
18,28,full,1.000000,29.109375,15.447153,29.109375,15.447153,Black,
18,29,full,1.000000,30.171875,15.447153,30.171875,15.447153,Black,
18,30,full,1.000000,31.234375,15.447153,31.234375,15.447153,Black,
18,31,full,1.000000,32.296875,15.447153,32.296875,15.447153,Black,
18,32,full,1.000000,33.359375,15.447153,33.359375,15.447153,White,
18,33,full,1.000000,34.421875,15.447153,34.421875,15.447153,White,
18,34,full,1.000000,35.484375,15.447153,35.484375,15.447153,White,
18,35,full,1.000000,36.546875,15.447153,36.546875,15.447153,White,
18,36,full,1.000000,37.609375,15.447153,37.609375,15.447153,White,
18,37,full,1.000000,38.671875,15.447153,38.671875,15.447153,White,
18,38,full,1.000000,39.734375,15.447153,39.734375,15.447153,Black,
18,39,full,1.000000,40.796875,15.447153,40.796875,15.447153,Black,
18,40,full,1.000000,41.859375,15.447153,41.859375,15.447153,Black,
18,41,full,1.000000,42.921875,15.447153,42.921875,15.447153,Black,
18,42,full,1.000000,43.984375,15.447153,43.984375,15.447153,Black,
18,43,full,1.000000,45.046875,15.447153,45.046875,15.447153,Black,
18,44,edge_cut,0.362142,46.109375,15.447153,45.822975,15.447153,White,
19,1,edge_cut,0.092921,-0.109375,16.367305,0.159676,16.058583,White,
19,2,edge_cut,0.274336,0.953125,16.367305,0.953125,16.038469,White,
19,3,edge_cut,0.274336,2.015625,16.367305,2.015625,16.038469,White,
19,4,edge_cut,0.274336,3.078125,16.367305,3.078125,16.038469,White,
19,5,edge_cut,0.274336,4.140625,16.367305,4.140625,16.038469,White,
19,6,edge_cut,0.274336,5.203125,16.367305,5.203125,16.038469,White,
19,7,edge_cut,0.274336,6.265625,16.367305,6.265625,16.038469,White,
19,8,edge_cut,0.274336,7.328125,16.367305,7.328125,16.038469,White,
19,9,edge_cut,0.274336,8.390625,16.367305,8.390625,16.038469,White,
19,10,edge_cut,0.274336,9.453125,16.367305,9.453125,16.038469,White,
19,11,edge_cut,0.274336,10.515625,16.367305,10.515625,16.038469,White,
19,12,edge_cut,0.274336,11.578125,16.367305,11.578125,16.038469,White,
19,13,edge_cut,0.274336,12.640625,16.367305,12.640625,16.038469,White,
19,14,edge_cut,0.274336,13.703125,16.367305,13.703125,16.038469,White,
19,15,edge_cut,0.274336,14.765625,16.367305,14.765625,16.038469,White,
19,16,edge_cut,0.274336,15.828125,16.367305,15.828125,16.038469,White,
19,17,edge_cut,0.274336,16.890625,16.367305,16.890625,16.038469,White,
19,18,edge_cut,0.274336,17.953125,16.367305,17.953125,16.038469,White,
19,19,edge_cut,0.274336,19.015625,16.367305,19.015625,16.038469,White,
19,20,edge_cut,0.274336,20.078125,16.367305,20.078125,16.038469,White,
19,21,edge_cut,0.274336,21.140625,16.367305,21.140625,16.038469,White,
19,22,edge_cut,0.274336,22.203125,16.367305,22.203125,16.038469,White,
19,23,edge_cut,0.274336,23.265625,16.367305,23.265625,16.038469,White,
19,24,edge_cut,0.274336,24.328125,16.367305,24.328125,16.038469,White,
19,25,edge_cut,0.274336,25.390625,16.367305,25.390625,16.038469,White,
19,26,edge_cut,0.274336,26.453125,16.367305,26.453125,16.038469,White,
19,27,edge_cut,0.274336,27.515625,16.367305,27.515625,16.038469,White,
19,28,edge_cut,0.274336,28.578125,16.367305,28.578125,16.038469,White,
19,29,edge_cut,0.274336,29.640625,16.367305,29.640625,16.038469,White,
19,30,edge_cut,0.274336,30.703125,16.367305,30.703125,16.038469,White,
19,31,edge_cut,0.274336,31.765625,16.367305,31.765625,16.038469,White,
19,32,edge_cut,0.274336,32.828125,16.367305,32.828125,16.038469,White,
19,33,edge_cut,0.274336,33.890625,16.367305,33.890625,16.038469,White,
19,34,edge_cut,0.274336,34.953125,16.367305,34.953125,16.038469,White,
19,35,edge_cut,0.274336,36.015625,16.367305,36.015625,16.038469,White,
19,36,edge_cut,0.274336,37.078125,16.367305,37.078125,16.038469,White,
19,37,edge_cut,0.274336,38.140625,16.367305,38.140625,16.038469,White,
19,38,edge_cut,0.274336,39.203125,16.367305,39.203125,16.038469,White,
19,39,edge_cut,0.274336,40.265625,16.367305,40.265625,16.038469,White,
19,40,edge_cut,0.274336,41.328125,16.367305,41.328125,16.038469,White,
19,41,edge_cut,0.274336,42.390625,16.367305,42.390625,16.038469,White,
19,42,edge_cut,0.274336,43.453125,16.367305,43.453125,16.038469,White,
19,43,edge_cut,0.274336,44.515625,16.367305,44.515625,16.038469,White,
19,44,edge_cut,0.263890,45.578125,16.367305,45.559979,16.035509,White,
